[
  {
    "id": "025345e6-5f8b-4329-b546-910f74d9e8aa",
    "data": [
      {
        "text": "What You Can Do for Your Community ?",
        "userDefined": false
      }
    ],
    "isTemplate": false,
    "count": 0,
    "lang": "en",
    "updated": 0
  },
  {
    "id": "0602fd6f-acf7-4eee-8d58-f22e00864201",
    "data": [
      {
        "text": "What You Can Do for Health Care Workers in Your Community ?",
        "userDefined": false
      }
    ],
    "isTemplate": false,
    "count": 0,
    "lang": "en",
    "updated": 0
  },
  {
    "id": "51f20002-0ae0-4478-8a68-3ac6d3062ebd",
    "data": [
      {
        "text": "How safe is the neighborhood and surrounding area?",
        "userDefined": false
      }
    ],
    "isTemplate": false,
    "count": 0,
    "lang": "en",
    "updated": 0
  },
  {
    "id": "f31631ce-40cc-4ddd-8d3b-3ea92066b151",
    "data": [
      {
        "text": "How can I make my neighbors happy ?",
        "userDefined": false
      }
    ],
    "isTemplate": false,
    "count": 0,
    "lang": "en",
    "updated": 0
  },
  {
    "id": "ef6f69d6-c4b4-4337-9b85-843618aa0c27",
    "data": [
      {
        "text": "Why should I keep my neighborhood clean ?",
        "userDefined": false
      }
    ],
    "isTemplate": false,
    "count": 0,
    "lang": "en",
    "updated": 0
  }
]